pm2_5,pm10,temperature_2m,relative_humidity_2m,wind_speed_10m,hour,day_of_week,pm2_5_lag_1,pm2_5_lag_3,pm2_5_rolling_mean_6,high_pollution_next_hour
105.9,998.4,41.8,7,10.4,14,1,96.4,78.5,82.28333333333333,0
108.7,1043.1,41.9,7,12.0,15,1,105.9,86.4,87.86666666666667,0
114.6,1099.0,41.5,7,13.6,16,1,108.7,96.4,92.63333333333333,0
123.4,1169.7,40.9,7,13.6,17,1,114.6,105.9,98.41666666666667,0
131.8,1236.8,40.3,8,10.2,18,1,123.4,108.7,105.89999999999999,1
153.7,1356.0,39.5,8,11.8,19,1,131.8,114.6,113.46666666666668,0
136.4,1128.8,38.5,9,11.9,20,1,153.7,123.4,123.0166666666667,0
118.0,914.6,38.0,9,11.9,21,1,136.4,131.8,128.1,0
103.4,760.0,37.2,9,11.3,22,1,118.0,153.7,129.65,0
95.7,696.6,36.2,10,10.0,23,1,103.4,136.4,127.78333333333335,0
84.3,583.0,34.9,11,7.1,0,2,95.7,118.0,123.16666666666669,0
70.8,451.7,33.9,11,6.7,1,2,84.3,103.4,115.25,0
54.1,293.4,32.9,13,5.1,2,2,70.8,95.7,101.43333333333332,0
50.2,266.4,33.1,16,3.5,3,2,54.1,84.3,87.71666666666665,0
44.1,232.4,32.0,14,4.3,4,2,50.2,70.8,76.41666666666667,0
41.1,210.5,31.0,14,5.4,5,2,44.1,54.1,66.53333333333333,0
38.1,179.7,30.9,15,5.5,6,2,41.1,50.2,57.43333333333334,0
47.4,259.8,32.7,12,3.9,7,2,38.1,44.1,49.73333333333333,0
57.3,397.7,35.4,10,3.7,8,2,47.4,41.1,45.833333333333336,0
68.2,601.6,37.6,9,4.6,9,2,57.3,38.1,46.36666666666667,0
80.3,773.0,39.2,8,6.6,10,2,68.2,47.4,49.366666666666674,0
90.3,882.9,40.5,7,9.2,11,2,80.3,57.3,55.4,0
105.5,1031.9,41.4,7,11.4,12,2,90.3,68.2,63.6,0
120.1,1166.0,42.1,7,12.4,13,2,105.5,80.3,74.83333333333333,0
138.8,1359.7,42.4,7,13.9,14,2,120.1,90.3,86.95,1
152.3,1482.7,42.5,7,13.2,15,2,138.8,105.5,100.53333333333335,1
163.0,1568.3,42.5,6,15.4,16,2,152.3,120.1,114.55,1
176.0,1665.2,41.9,6,16.3,17,2,163.0,138.8,128.33333333333334,1
197.4,1821.7,41.1,7,14.9,18,2,176.0,152.3,142.61666666666667,1
211.9,1773.2,39.9,7,13.7,19,2,197.4,163.0,157.93333333333337,1
205.8,1709.9,39.2,8,14.3,20,2,211.9,176.0,173.23333333333335,1
189.5,1579.5,38.8,8,14.4,21,2,205.8,197.4,184.4,1
164.4,1363.5,37.8,9,11.2,22,2,189.5,211.9,190.60000000000002,0
136.0,1072.9,36.3,9,8.6,23,2,164.4,205.8,190.83333333333334,0
114.3,866.1,35.0,10,6.9,0,3,136.0,189.5,184.16666666666666,0
100.8,748.8,34.0,11,5.8,1,3,114.3,164.4,170.31666666666666,0
92.4,679.9,33.1,12,5.9,2,3,100.8,136.0,151.79999999999998,0
82.2,575.6,32.8,13,5.7,3,3,92.4,114.3,132.9,0
74.3,499.2,31.9,13,6.7,4,3,82.2,100.8,115.01666666666667,0
71.7,473.1,31.1,13,6.7,5,3,74.3,92.4,100.0,0
73.1,473.1,31.3,13,6.7,6,3,71.7,82.2,89.28333333333335,0
84.8,542.0,32.8,12,4.9,7,3,73.1,74.3,82.41666666666667,0
88.0,616.5,35.2,10,4.9,8,3,84.8,71.7,79.75,0
93.1,771.1,37.5,9,5.0,9,3,88.0,73.1,79.01666666666667,0
103.1,968.6,39.3,8,8.4,10,3,93.1,84.8,80.83333333333333,0
125.7,1188.4,40.6,7,11.0,11,3,103.1,88.0,85.63333333333333,0
139.2,1300.1,41.6,7,12.5,12,3,125.7,93.1,94.63333333333333,1
153.7,1464.0,42.2,6,14.5,13,3,139.2,103.1,105.64999999999999,1
172.3,1628.0,42.7,6,15.0,14,3,153.7,125.7,117.13333333333333,1
176.0,1642.9,43.1,6,17.3,15,3,172.3,139.2,131.18333333333334,1
194.2,1791.9,42.8,6,16.9,16,3,176.0,153.7,145.0,1
202.6,1847.7,42.3,6,17.7,17,3,194.2,172.3,160.1833333333333,1
220.7,1959.5,41.6,6,16.8,18,3,202.6,176.0,173.0,1
224.4,1832.8,40.4,7,13.2,19,3,220.7,194.2,186.58333333333334,1
211.9,1721.1,39.3,8,12.8,20,3,224.4,202.6,198.36666666666665,1
190.0,1553.4,38.9,8,12.1,21,3,211.9,220.7,204.96666666666667,1
163.0,1318.8,38.0,9,10.8,22,3,190.0,224.4,207.29999999999998,0
136.4,1046.8,37.2,9,9.5,23,3,163.0,211.9,202.1,0
118.0,877.3,35.6,10,7.0,0,4,136.4,190.0,191.0666666666667,0
108.0,793.5,34.2,11,7.3,1,4,118.0,163.0,173.95000000000002,0
101.3,743.2,33.4,12,5.8,2,4,108.0,136.4,154.54999999999998,0
120.1,895.9,33.4,13,4.9,3,4,101.3,118.0,136.11666666666667,0
95.5,624.0,32.5,13,6.0,4,4,120.1,108.0,124.46666666666668,0
82.2,491.7,31.7,14,5.3,5,4,95.5,101.3,113.21666666666668,0
77.3,443.3,31.6,13,6.4,6,4,82.2,120.1,104.18333333333334,0
86.4,504.8,33.3,12,4.6,7,4,77.3,95.5,97.39999999999999,0
93.8,627.7,35.9,10,4.1,8,4,86.4,82.2,93.8,0
105.5,823.3,38.1,8,5.1,9,4,93.8,77.3,92.55,0
115.0,1035.6,39.9,7,6.2,10,4,105.5,86.4,90.11666666666667,0
135.5,1233.1,41.2,7,8.2,11,4,115.0,93.8,93.36666666666667,0
145.3,1352.3,42.1,7,10.6,12,4,135.5,105.5,102.25,0
148.5,1393.3,42.7,7,11.9,13,4,145.3,115.0,113.58333333333333,1
152.7,1438.0,43.1,7,13.5,14,4,148.5,135.5,123.93333333333334,1
174.2,1624.2,43.3,6,16.3,15,4,152.7,145.3,133.75,1
185.8,1709.9,43.1,6,15.6,16,4,174.2,148.5,145.2,1
197.4,1795.6,42.6,7,17.7,17,4,185.8,152.7,157.0,1
212.8,1888.7,41.7,7,17.6,18,4,197.4,174.2,167.31666666666666,1
210.9,1732.3,40.6,8,15.1,19,4,212.8,185.8,178.5666666666667,1
192.8,1583.2,40.0,8,12.6,20,4,210.9,197.4,188.96666666666667,1
166.7,1352.3,39.1,8,10.1,21,4,192.8,212.8,195.65,0
137.4,1039.4,37.9,9,9.1,22,4,166.7,210.9,194.4,0
116.2,830.7,36.6,10,6.9,23,4,137.4,192.8,186.33333333333334,0
105.7,741.3,35.4,11,6.3,0,5,116.2,166.7,172.79999999999998,0
92.4,625.8,34.6,12,4.8,1,5,105.7,137.4,154.95000000000002,0
72.9,433.1,33.9,13,3.4,2,5,92.4,116.2,135.20000000000002,0
66.8,406.1,34.0,15,3.0,3,5,72.9,105.7,115.21666666666668,0
53.2,302.7,32.8,13,4.9,4,5,66.8,92.4,98.56666666666666,0
48.3,261.7,32.0,14,4.5,5,5,53.2,72.9,84.53333333333335,0
47.7,247.7,31.9,14,4.9,6,5,48.3,66.8,73.21666666666667,0
50.3,205.4,34.0,12,4.0,7,5,47.7,53.2,63.55000000000001,0
50.5,204.0,37.0,9,2.6,8,5,50.3,48.3,56.53333333333333,0
52.7,261.7,39.2,8,1.1,9,5,50.5,47.7,52.79999999999999,0
46.2,277.5,41.2,7,2.3,10,5,52.7,50.3,50.45000000000001,0
43.8,291.5,42.6,7,5.1,11,5,46.2,50.5,49.28333333333333,0
50.5,387.4,43.5,6,9.2,12,5,43.8,52.7,48.53333333333333,0
64.0,553.2,44.1,6,9.3,13,5,50.5,46.2,49.0,0
77.3,707.8,44.6,6,8.3,14,5,64.0,43.8,51.28333333333333,0
103.1,987.2,44.5,6,11.2,15,5,77.3,50.5,55.75,0
99.9,961.1,44.2,6,13.2,16,5,103.1,64.0,64.14999999999999,0
102.0,979.8,43.4,6,15.1,17,5,99.9,77.3,73.10000000000001,0
109.9,1050.5,42.7,6,14.0,18,5,102.0,103.1,82.8,0
129.9,1154.8,42.0,6,13.0,19,5,109.9,99.9,92.7,0
119.0,964.9,40.8,7,10.4,20,5,129.9,102.0,103.68333333333334,0
124.3,1024.5,39.7,8,8.3,21,5,119.0,109.9,110.63333333333334,0
136.9,1154.8,38.3,8,8.7,22,5,124.3,129.9,114.16666666666667,0
144.4,1199.5,37.1,9,6.7,23,5,136.9,119.0,120.33333333333333,0
135.5,1099.0,36.1,10,6.8,0,6,144.4,124.3,127.40000000000002,0
116.4,912.7,35.1,10,7.3,1,6,135.5,136.9,131.66666666666666,0
98.5,737.6,34.1,11,7.9,2,6,116.4,144.4,129.41666666666666,0
141.6,1139.9,33.7,12,7.1,3,6,98.5,135.5,126.0,0
121.5,931.3,32.7,12,7.6,4,6,141.6,116.4,128.88333333333335,0
104.1,750.6,31.8,13,7.3,5,6,121.5,98.5,126.31666666666668,0
85.9,558.8,31.6,13,5.4,6,6,104.1,141.6,119.59999999999998,0
81.0,469.4,33.0,12,4.7,7,6,85.9,121.5,111.33333333333333,0
64.3,403.3,35.3,11,4.1,8,6,81.0,104.1,105.43333333333334,0
62.9,484.3,37.6,9,4.6,9,6,64.3,85.9,99.73333333333333,0
65.7,579.3,39.5,8,5.2,10,6,62.9,81.0,86.61666666666666,0
67.1,622.1,40.9,7,7.2,11,6,65.7,64.3,77.31666666666666,0
81.7,791.6,41.9,7,9.6,12,6,67.1,62.9,71.14999999999999,0
99.2,968.6,42.7,6,11.2,13,6,81.7,65.7,70.45,0
118.0,1143.7,43.1,6,12.4,14,6,99.2,67.1,73.48333333333333,0
144.8,1415.6,43.1,6,14.2,15,6,118.0,81.7,82.43333333333334,0
143.9,1400.7,42.9,6,13.8,16,6,144.8,99.2,96.08333333333333,0
147.1,1426.8,42.4,6,14.9,17,6,143.9,118.0,109.11666666666667,1
156.0,1493.8,41.5,6,15.2,18,6,147.1,144.8,122.45,1
177.4,1538.5,40.2,7,12.9,19,6,156.0,143.9,134.83333333333334,1
170.0,1452.9,39.0,8,13.0,20,6,177.4,147.1,147.86666666666667,1
161.1,1363.5,38.2,8,11.6,21,6,170.0,156.0,156.53333333333333,0
148.1,1229.3,37.2,8,9.8,22,6,161.1,177.4,159.25,0
132.2,1076.6,36.1,9,7.4,23,6,148.1,170.0,159.95,0
117.6,942.5,34.8,10,6.8,0,0,132.2,161.1,157.46666666666667,0
104.5,823.3,33.9,10,6.9,1,0,117.6,148.1,151.06666666666663,0
95.2,743.2,32.9,11,7.0,2,0,104.5,132.2,138.91666666666666,0
110.1,881.0,32.8,11,6.9,3,0,95.2,117.6,126.44999999999999,0
108.5,868.0,31.8,11,8.3,4,0,110.1,104.5,117.94999999999999,0
106.2,843.8,31.0,12,7.7,5,0,108.5,95.2,111.35000000000001,0
108.7,866.1,31.3,12,7.2,6,0,106.2,110.1,107.01666666666665,0
132.2,979.8,32.8,11,6.7,7,0,108.7,108.5,105.53333333333335,0
118.7,968.6,35.5,10,8.6,8,0,132.2,106.2,110.15000000000002,0
122.0,1106.4,37.7,10,11.6,9,0,118.7,108.7,114.06666666666666,0
133.6,1281.5,39.1,10,12.8,10,0,122.0,132.2,116.05,1
152.7,1460.3,40.3,8,14.3,11,0,133.6,118.7,120.23333333333333,1
170.4,1616.8,41.4,7,16.9,12,0,152.7,122.0,127.98333333333335,1
189.5,1777.0,42.1,6,19.4,13,0,170.4,133.6,138.26666666666668,1
208.6,1937.2,42.5,6,19.9,14,0,189.5,152.7,147.8166666666667,1
230.5,2086.2,42.8,6,20.9,15,0,208.6,170.4,162.79999999999998,1
240.3,2160.7,42.4,6,21.2,16,0,230.5,189.5,180.88333333333333,1
248.7,2212.8,41.7,6,20.8,17,0,240.3,208.6,198.66666666666666,1
262.6,2279.9,40.8,7,18.4,18,0,248.7,230.5,214.66666666666666,1
263.6,2168.1,39.8,7,14.2,19,0,262.6,240.3,230.03333333333333,1
238.0,1881.3,38.7,7,13.4,20,0,263.6,248.7,242.38333333333335,1
219.3,1765.8,38.0,8,13.6,21,0,238.0,262.6,247.28333333333333,1
203.0,1668.9,37.0,8,12.8,22,0,219.3,263.6,245.41666666666666,1
191.9,1598.1,36.3,9,12.4,23,0,203.0,238.0,239.20000000000002,1
182.5,1531.1,35.6,9,11.4,0,1,191.9,219.3,229.73333333333335,1
177.9,1493.8,34.8,10,10.6,1,1,182.5,203.0,216.38333333333335,1
177.9,1475.2,33.5,11,9.1,2,1,177.9,191.9,202.1,1
219.8,1765.8,34.2,10,10.1,3,1,177.9,182.5,192.08333333333334,1
212.3,1713.6,32.7,11,8.8,4,1,219.8,177.9,192.16666666666666,1
198.4,1601.9,31.7,13,8.0,5,1,212.3,177.9,193.71666666666667,1
185.3,1497.6,31.7,13,8.0,6,1,198.4,219.8,194.80000000000004,1
180.2,1434.2,32.8,13,6.4,7,1,185.3,212.3,195.26666666666668,1
151.3,1270.3,34.7,13,7.5,8,1,180.2,198.4,195.65,1
154.6,1400.7,36.9,12,9.3,9,1,151.3,185.3,191.21666666666667,1
166.2,1575.8,38.9,9,12.6,10,1,154.6,180.2,180.35000000000002,1
172.3,1635.4,40.2,9,16.8,11,1,166.2,151.3,172.66666666666666,1
190.5,1803.0,41.3,8,19.1,12,1,172.3,154.6,168.31666666666666,1
217.5,2019.1,42.1,8,21.4,13,1,190.5,166.2,169.1833333333333,1
238.0,2175.6,42.6,7,22.2,14,1,217.5,172.3,175.4,1
294.3,2563.0,42.7,7,23.4,15,1,238.0,190.5,189.85000000000002,1
300.8,2607.7,42.3,8,22.2,16,1,294.3,217.5,213.13333333333335,1
300.8,2577.9,41.7,8,21.8,17,1,300.8,238.0,235.5666666666667,1
307.3,2563.0,40.8,8,21.1,18,1,300.8,294.3,256.98333333333335,1
299.0,2361.8,39.7,9,17.3,19,1,307.3,300.8,276.45,1
274.7,2175.6,38.7,10,16.1,20,1,299.0,300.8,290.03333333333336,1
246.8,1899.9,38.2,11,15.0,21,1,274.7,307.3,296.15000000000003,1
224.0,1769.5,37.3,12,12.4,22,1,246.8,299.0,288.2333333333333,1
203.5,1646.6,36.2,13,8.5,23,1,224.0,274.7,275.43333333333334,1
183.5,1490.1,35.1,15,7.6,0,2,203.5,246.8,259.21666666666664,1
157.4,1259.1,34.1,16,7.5,1,2,183.5,224.0,238.58333333333334,0
134.6,1031.9,33.0,18,6.8,2,2,157.4,203.5,214.98333333333335,1
160.2,1248.0,33.0,18,7.6,3,2,134.6,183.5,191.63333333333333,0
145.8,1099.0,31.9,19,7.4,4,2,160.2,157.4,177.20000000000002,0
129.5,931.3,31.2,20,7.3,5,2,145.8,134.6,164.16666666666666,0
114.8,795.3,31.3,19,6.8,6,2,129.5,160.2,151.83333333333334,0
108.7,713.4,32.7,18,5.3,7,2,114.8,145.8,140.38333333333335,0
91.7,668.7,34.8,15,6.0,8,2,108.7,129.5,132.26666666666665,0
92.4,787.9,36.8,14,6.9,9,2,91.7,114.8,125.11666666666667,0
105.9,976.0,38.2,14,7.9,10,2,92.4,108.7,113.81666666666666,0
120.1,1113.9,39.5,13,9.8,11,2,105.9,91.7,107.16666666666667,0
136.9,1285.2,40.6,13,11.9,12,2,120.1,92.4,105.59999999999998,0
149.9,1404.4,41.5,12,13.1,13,2,136.9,105.9,109.28333333333335,1
159.3,1486.4,42.0,11,13.9,14,2,149.9,120.1,116.14999999999999,1
182.5,1680.1,42.5,11,17.0,15,2,159.3,136.9,127.41666666666667,1
190.5,1736.0,42.2,11,17.5,16,2,182.5,149.9,142.43333333333334,1
197.9,1777.0,41.8,11,17.0,17,2,190.5,159.3,156.53333333333333,1
205.8,1817.9,41.0,11,17.8,18,2,197.9,182.5,169.5,1
216.1,1750.9,40.0,12,15.5,19,2,205.8,190.5,180.98333333333335,1
210.5,1676.4,39.1,13,14.2,20,2,216.1,197.9,192.01666666666665,1
197.4,1579.5,38.4,13,13.6,21,2,210.5,205.8,200.54999999999998,1
180.2,1438.0,37.4,13,11.3,22,2,197.4,216.1,203.03333333333333,1
157.4,1221.9,36.6,14,8.6,23,2,180.2,210.5,201.3166666666667,0
133.2,987.2,35.6,15,7.1,0,3,157.4,197.4,194.56666666666663,0
114.8,823.3,34.7,16,6.5,1,3,133.2,180.2,182.46666666666667,0
100.4,694.8,33.7,16,6.9,2,3,114.8,157.4,165.58333333333334,0
75.2,499.2,33.3,17,7.7,3,3,100.4,133.2,147.23333333333332,0
96.9,746.9,32.3,18,7.7,4,3,75.2,114.8,126.86666666666667,0
101.3,776.7,31.6,18,7.4,5,3,96.9,100.4,112.98333333333333,0
98.5,728.3,31.5,18,6.7,6,3,101.3,75.2,103.63333333333333,0
107.6,767.4,32.6,17,5.8,7,3,98.5,96.9,97.85000000000001,0
105.9,840.1,34.7,15,7.5,8,3,107.6,101.3,96.64999999999999,0
116.4,1017.0,36.7,14,9.2,9,3,105.9,98.5,97.56666666666666,0
125.3,1113.9,38.2,13,9.4,10,3,116.4,107.6,104.43333333333334,0
136.4,1210.7,39.6,12,10.6,11,3,125.3,105.9,109.16666666666667,1
152.3,1385.8,40.6,11,11.9,12,3,136.4,116.4,115.01666666666665,1
163.4,1493.8,41.3,10,13.0,13,3,152.3,125.3,123.98333333333333,1
171.4,1564.6,42.0,9,13.5,14,3,163.4,136.4,133.28333333333333,1
169.0,1568.3,42.2,9,15.9,15,3,171.4,152.3,144.20000000000002,1
170.9,1575.8,41.8,9,15.8,16,3,169.0,163.4,152.96666666666667,1
172.3,1579.5,41.3,9,15.8,17,3,170.9,171.4,160.5666666666667,1
175.6,1594.4,40.5,10,14.8,18,3,172.3,169.0,166.54999999999998,1
183.9,1531.1,39.5,10,11.6,19,3,175.6,170.9,170.43333333333334,1
170.0,1378.4,38.6,10,10.1,20,3,183.9,172.3,173.85000000000002,1
154.1,1221.9,37.9,10,10.3,21,3,170.0,175.6,173.61666666666667,0
140.6,1091.5,36.8,11,9.0,22,3,154.1,183.9,171.13333333333333,0
129.9,994.7,36.1,11,9.1,23,3,140.6,170.0,166.08333333333334,0
125.7,968.6,35.0,12,7.8,0,4,129.9,154.1,159.01666666666668,0
122.9,951.8,34.0,13,7.4,1,4,125.7,140.6,150.70000000000002,0
117.3,897.8,33.2,13,7.2,2,4,122.9,129.9,140.53333333333333,0
100.4,730.2,32.9,14,6.7,3,4,117.3,125.7,131.75,0
102.4,767.4,31.9,14,7.2,4,4,100.4,122.9,122.8,0
103.6,776.7,31.1,15,7.6,5,4,102.4,117.3,116.43333333333334,0
102.9,761.8,31.0,15,7.6,6,4,103.6,100.4,112.05,0
105.5,760.0,32.1,14,5.4,7,4,102.9,102.4,108.25,0
99.7,717.1,34.0,13,5.1,8,4,105.5,103.6,105.35000000000001,0
116.4,888.5,36.0,13,6.1,9,4,99.7,102.9,102.41666666666667,0
122.5,968.6,37.8,12,6.6,10,4,116.4,105.5,105.08333333333333,0
118.0,953.7,39.3,10,5.7,11,4,122.5,99.7,108.43333333333334,0
116.2,957.4,40.5,10,7.3,12,4,118.0,116.4,110.83333333333333,0
118.0,998.4,41.3,9,9.1,13,4,116.2,122.5,113.05,0
123.4,1065.4,41.7,9,9.9,14,4,118.0,118.0,115.13333333333333,0
125.7,1125.0,41.8,9,12.3,15,4,123.4,116.2,119.08333333333333,0
135.0,1240.5,41.5,9,14.1,16,4,125.7,118.0,120.63333333333333,0
148.5,1367.2,40.9,9,14.0,17,4,135.0,123.4,122.71666666666665,1
160.2,1456.6,40.1,9,14.9,18,4,148.5,125.7,127.8,1
173.7,1460.3,39.2,9,13.0,19,4,160.2,135.0,135.13333333333333,1
161.6,1326.2,38.5,10,10.4,20,4,173.7,148.5,144.41666666666666,0
141.6,1117.6,37.9,10,9.2,21,4,161.6,160.2,150.78333333333333,0
118.5,849.4,36.6,11,8.5,22,4,141.6,173.7,153.4333333333333,0
95.0,597.9,35.5,12,8.8,23,4,118.5,161.6,150.6833333333333,0
76.8,424.7,34.2,13,6.8,0,5,95.0,141.6,141.76666666666665,0
68.2,359.5,33.1,14,6.5,1,5,76.8,118.5,127.86666666666666,0
68.5,384.6,32.2,14,5.9,2,5,68.2,95.0,110.28333333333335,0
71.7,396.7,32.2,14,4.9,3,5,68.5,76.8,94.76666666666665,0
58.0,275.7,31.5,15,6.0,4,5,71.7,68.2,83.11666666666666,0
56.5,283.1,30.9,15,6.0,5,5,58.0,68.5,73.03333333333333,0
65.2,386.5,30.6,15,6.9,6,5,56.5,71.7,66.61666666666666,0
91.7,625.8,31.8,14,5.5,7,5,65.2,58.0,64.68333333333334,0
99.7,767.4,33.7,13,5.8,8,5,91.7,56.5,68.60000000000001,0
119.0,1043.1,35.8,11,7.0,9,5,99.7,65.2,73.8,0
128.1,1177.2,37.6,10,8.2,10,5,119.0,91.7,81.68333333333334,0
141.6,1329.9,39.1,9,9.0,11,5,128.1,99.7,93.36666666666667,1
150.4,1419.3,40.0,8,11.1,12,5,141.6,119.0,107.55,1
155.1,1460.3,40.7,8,12.3,13,5,150.4,128.1,121.75,1
160.7,1505.0,40.9,7,14.3,14,5,155.1,141.6,132.3166666666667,0
139.7,1352.3,41.2,7,15.0,15,5,160.7,150.4,142.48333333333332,1
155.5,1478.9,40.8,7,15.7,16,5,139.7,155.1,145.9333333333333,1
159.7,1490.1,40.1,8,14.8,17,5,155.5,160.7,150.5,1
164.4,1512.5,39.3,8,15.3,18,5,159.7,139.7,153.51666666666668,1
170.0,1441.7,38.2,9,14.0,19,5,164.4,155.5,155.85,1
151.8,1255.4,37.5,10,12.3,20,5,170.0,159.7,158.33333333333334,0
133.6,1054.3,37.0,9,11.3,21,5,151.8,164.4,156.85,0
122.0,929.5,35.9,10,9.7,22,5,133.6,170.0,155.83333333333334,0
121.1,940.6,34.8,10,8.6,23,5,122.0,151.8,150.25,0
129.0,1035.6,33.7,11,7.9,0,6,121.1,133.6,143.81666666666666,0
136.0,1117.6,32.6,12,7.3,1,6,129.0,122.0,137.91666666666666,0
144.4,1207.0,31.6,12,7.8,2,6,136.0,121.1,132.25,0
96.6,733.9,31.4,14,5.7,3,6,144.4,129.0,131.01666666666665,0
93.1,717.1,30.6,14,6.1,4,6,96.6,136.0,124.85000000000001,0
97.6,760.0,29.9,15,6.1,5,6,93.1,144.4,120.03333333333332,0
116.2,933.2,29.8,15,6.9,6,6,97.6,96.6,116.11666666666667,0
142.5,1113.9,31.1,14,5.6,7,6,116.2,93.1,113.98333333333333,0
140.2,1125.0,33.4,13,6.5,8,6,142.5,97.6,115.06666666666668,1
160.7,1367.2,35.8,12,9.8,9,6,140.2,116.2,114.36666666666666,1
167.6,1486.4,37.5,11,13.7,10,6,160.7,142.5,125.05,1
170.9,1523.6,38.6,9,12.8,11,6,167.6,140.2,137.46666666666667,1
165.8,1482.7,39.6,9,12.7,12,6,170.9,160.7,149.6833333333333,1
158.3,1426.8,40.4,8,12.7,13,6,165.8,167.6,157.95000000000002,0
148.1,1315.0,40.9,8,12.0,14,6,158.3,170.9,160.58333333333334,0
106.6,972.3,41.2,7,10.3,15,6,148.1,165.8,161.9,0
108.5,998.4,41.0,7,10.3,16,6,106.6,158.3,152.88333333333335,0
108.0,994.7,40.5,8,10.5,17,6,108.5,148.1,143.03333333333333,0
112.9,1031.9,39.8,8,10.6,18,6,108.0,106.6,132.54999999999998,0
125.7,1054.3,38.9,8,9.6,19,6,112.9,108.5,123.73333333333333,0
108.7,773.0,38.0,9,9.8,20,6,125.7,108.0,118.3,0
98.0,637.0,37.5,9,9.4,21,6,108.7,112.9,111.73333333333335,0
92.2,579.3,36.3,10,9.0,22,6,98.0,125.7,110.3,0
88.2,547.6,35.2,11,7.9,23,6,92.2,108.7,107.58333333333333,0
90.6,590.5,34.1,12,7.4,0,0,88.2,98.0,104.28333333333335,0
95.5,661.2,33.1,13,7.2,1,0,90.6,92.2,100.56666666666668,0
101.0,737.6,32.2,14,7.1,2,0,95.5,88.2,95.53333333333335,0
103.6,756.2,32.3,14,6.0,3,0,101.0,90.6,94.25,0
104.8,795.3,31.3,15,6.9,4,0,103.6,95.5,95.18333333333334,0
98.0,724.6,30.6,15,6.8,5,0,104.8,101.0,97.28333333333335,0
97.8,715.3,30.6,15,6.2,6,0,98.0,103.6,98.91666666666667,0
111.3,797.2,32.3,13,5.5,7,0,97.8,104.8,100.11666666666667,0
108.5,821.4,35.2,11,5.1,8,0,111.3,98.0,102.75,0
112.0,961.1,38.2,8,6.9,9,0,108.5,97.8,104.0,0
104.8,976.0,39.7,7,7.5,10,0,112.0,111.3,105.39999999999999,0
108.3,1013.3,40.7,6,7.3,11,0,104.8,108.5,105.39999999999999,0
105.5,979.8,41.5,6,7.0,12,0,108.3,112.0,107.11666666666667,0
101.7,936.9,42.2,5,6.7,13,0,105.5,104.8,108.40000000000002,0
97.6,892.2,42.5,5,6.7,14,0,101.7,108.3,106.8,0
68.7,609.1,42.9,5,7.2,15,0,97.6,105.5,104.98333333333333,0
59.8,506.6,42.7,5,7.2,16,0,68.7,101.7,97.76666666666667,0
55.4,458.2,42.2,6,7.4,17,0,59.8,97.6,90.26666666666667,0
49.7,385.6,41.5,6,8.1,18,0,55.4,68.7,81.45,0
50.2,296.2,40.5,6,7.3,19,0,49.7,59.8,72.15,0
52.5,283.1,39.7,7,6.5,20,0,50.2,55.4,63.56666666666667,0
53.4,264.5,39.9,11,2.3,21,0,52.5,49.7,56.050000000000004,0
54.1,244.9,38.5,11,1.5,22,0,53.4,50.2,53.5,0
54.6,227.2,37.3,11,3.1,23,0,54.1,52.5,52.550000000000004,0
53.4,209.1,36.1,10,3.7,0,1,54.6,53.4,52.416666666666664,0
50.4,185.8,34.5,10,5.8,1,1,53.4,54.1,53.03333333333333,0
46.7,163.0,33.6,11,5.6,2,1,50.4,54.6,53.06666666666666,0
53.1,170.0,33.4,11,6.1,3,1,46.7,53.4,52.1,0
48.2,161.6,32.9,11,6.1,4,1,53.1,50.4,52.050000000000004,0
45.5,159.3,32.3,12,5.7,5,1,48.2,46.7,51.06666666666666,0
58.8,319.4,32.2,12,6.3,6,1,45.5,53.1,49.550000000000004,0
98.5,745.1,33.5,12,6.2,7,1,58.8,48.2,50.449999999999996,0
114.6,873.6,35.7,10,6.4,8,1,98.5,45.5,58.46666666666667,0
133.2,1106.4,38.1,9,7.2,9,1,114.6,58.8,69.78333333333335,1
150.9,1255.4,40.4,8,8.1,10,1,133.2,98.5,83.13333333333333,0
144.4,1173.5,42.2,8,8.8,11,1,150.9,114.6,100.25,0
124.8,1002.1,43.5,7,7.4,12,1,144.4,133.2,116.73333333333333,0
108.7,862.4,44.4,7,6.3,13,1,124.8,150.9,127.73333333333333,0
95.7,752.5,44.9,6,6.2,14,1,108.7,144.4,129.43333333333334,0
92.4,761.8,44.5,6,8.2,15,1,95.7,124.8,126.28333333333335,0
84.5,702.2,44.7,6,8.7,16,1,92.4,108.7,119.48333333333333,0
81.3,683.6,44.2,6,9.0,17,1,84.5,95.7,108.41666666666667,0
84.5,722.7,43.6,6,9.0,18,1,81.3,92.4,97.90000000000002,0
87.1,627.7,42.6,7,6.9,19,1,84.5,84.5,91.18333333333334,0
73.3,428.4,41.7,8,3.3,20,1,87.1,81.3,87.58333333333333,0
71.7,415.4,40.8,8,5.9,21,1,73.3,84.5,83.85,0
80.6,527.1,39.6,8,7.0,22,1,71.7,87.1,80.39999999999999,0
95.2,689.2,38.6,8,8.5,23,1,80.6,73.3,79.75,0
113.4,879.2,37.7,8,8.8,0,2,95.2,71.7,82.06666666666666,0
134.6,1076.6,36.7,8,9.3,1,2,113.4,80.6,86.88333333333333,1
150.4,1203.3,35.6,9,8.9,2,2,134.6,95.2,94.8,1
195.1,1527.4,35.3,10,8.6,3,2,150.4,113.4,107.64999999999999,1
184.4,1456.6,34.6,11,8.0,4,2,195.1,134.6,128.21666666666667,1
183.9,1452.9,34.1,11,8.0,5,2,184.4,150.4,145.51666666666668,1
182.5,1430.5,34.0,11,8.1,6,2,183.9,195.1,160.29999999999998,1
168.6,1329.9,34.8,11,6.2,7,2,182.5,184.4,171.8166666666667,0
145.3,1028.2,36.2,10,5.8,8,2,168.6,183.9,177.48333333333335,0
126.2,949.9,38.5,10,6.9,9,2,145.3,182.5,176.63333333333333,0
124.3,1002.1,40.2,9,7.0,10,2,126.2,168.6,165.15,0
110.8,957.4,42.0,8,8.2,11,2,124.3,145.3,155.13333333333335,0
111.8,1013.3,44.0,6,10.8,12,2,110.8,126.2,142.95000000000002,0
118.0,1110.1,44.7,6,12.8,13,2,111.8,124.3,131.16666666666666,0
122.0,1154.8,45.2,6,12.8,14,2,118.0,110.8,122.73333333333335,0
133.2,1262.9,45.2,6,14.6,15,2,122.0,111.8,118.84999999999998,0
128.5,1214.4,44.8,6,14.0,16,2,133.2,118.0,120.01666666666667,0
127.1,1199.5,44.3,6,14.8,17,2,128.5,122.0,120.71666666666665,0
130.9,1180.9,43.4,6,15.7,18,2,127.1,133.2,123.43333333333334,0
136.0,1143.7,42.5,7,13.6,19,2,130.9,128.5,126.61666666666666,0
106.9,756.2,41.5,7,8.1,20,2,136.0,127.1,129.61666666666667,0
84.8,529.0,40.3,8,6.6,21,2,106.9,130.9,127.10000000000001,0
74.0,452.6,39.1,10,4.7,22,2,84.8,136.0,119.03333333333335,0
65.2,390.2,38.2,10,4.8,23,2,74.0,106.9,109.95,0
60.1,364.1,37.3,11,5.8,0,3,65.2,84.8,99.63333333333333,0
56.0,338.1,36.7,11,4.6,1,3,60.1,74.0,87.83333333333333,0
45.5,240.3,36.0,16,1.9,2,3,56.0,65.2,74.5,0
53.9,232.4,35.4,14,4.4,3,3,45.5,60.1,64.26666666666667,0
57.7,247.7,34.6,13,4.2,4,3,53.9,56.0,59.116666666666674,0
61.0,262.6,34.1,17,2.2,5,3,57.7,45.5,56.400000000000006,0
64.3,273.8,33.7,14,3.3,6,3,61.0,53.9,55.70000000000001,0
70.3,299.9,34.9,12,4.1,7,3,64.3,57.7,56.4,0
72.9,276.6,37.4,10,1.6,8,3,70.3,61.0,58.78333333333333,0
78.0,356.7,40.0,9,0.3,9,3,72.9,64.3,63.35,0
73.8,395.8,42.0,8,4.3,10,3,78.0,70.3,67.36666666666667,0
66.8,402.3,43.1,8,6.6,11,3,73.8,72.9,70.05,0
65.0,419.1,43.8,7,6.9,12,3,66.8,78.0,71.01666666666667,0
62.6,418.2,44.4,7,7.3,13,3,65.0,73.8,71.13333333333333,0
65.4,476.8,44.9,7,7.0,14,3,62.6,66.8,69.85000000000001,0
92.7,869.9,45.0,7,8.7,15,3,65.4,65.0,68.60000000000001,0
95.0,897.8,44.5,7,9.9,16,3,92.7,62.6,71.05,0
103.6,976.0,44.1,7,11.2,17,3,95.0,65.4,74.58333333333333,0
111.5,1039.4,43.5,7,12.3,18,3,103.6,92.7,80.71666666666667,0
132.2,1169.7,42.3,7,14.3,19,3,111.5,95.0,88.46666666666668,0
129.9,1087.8,41.4,8,8.1,20,3,132.2,103.6,100.06666666666666,0
123.9,1009.6,40.8,8,8.3,21,3,129.9,111.5,110.81666666666666,0
111.1,862.4,39.5,9,7.9,22,3,123.9,132.2,116.01666666666665,0
89.9,629.6,38.7,10,5.9,23,3,111.1,129.9,118.69999999999999,0
65.0,371.6,38.6,10,4.9,0,4,89.9,123.9,116.41666666666667,0
48.9,234.7,37.8,10,6.1,1,4,65.0,111.1,108.66666666666667,0
39.3,167.6,36.6,12,4.2,2,4,48.9,89.9,94.78333333333335,0
43.1,147.6,36.2,13,3.5,3,4,39.3,65.0,79.68333333333334,0
40.6,134.6,34.7,15,0.4,4,4,43.1,48.9,66.21666666666667,0
40.0,128.5,33.4,19,1.7,5,4,40.6,39.3,54.46666666666667,0
41.1,127.1,32.9,17,2.9,6,4,40.0,43.1,46.15,0
43.2,129.9,34.6,13,2.3,7,4,41.1,40.6,42.166666666666664,0
45.4,151.3,37.6,11,1.5,8,4,43.2,40.0,41.21666666666667,0
57.4,285.9,39.8,9,1.0,9,4,45.4,41.1,42.233333333333334,0
57.3,333.4,41.9,8,1.2,10,4,57.4,43.2,44.616666666666674,0
48.1,271.0,43.2,7,4.0,11,4,57.3,45.4,47.4,0
48.3,295.2,44.1,6,8.0,12,4,48.1,57.4,48.75,0
54.5,389.3,44.5,6,10.1,13,4,48.3,57.3,49.949999999999996,0
63.8,512.2,44.8,6,8.8,14,4,54.5,48.1,51.833333333333336,0
109.7,1080.3,45.0,6,12.8,15,4,63.8,48.3,54.9,0
111.3,1084.1,44.2,6,14.4,16,4,109.7,54.5,63.61666666666667,0
128.1,1262.9,43.9,6,13.3,17,4,111.3,63.8,72.61666666666666,0
148.1,1426.8,43.4,6,12.3,18,4,128.1,109.7,85.95,1
168.6,1486.4,42.4,7,9.7,19,4,148.1,111.3,102.58333333333333,1
166.2,1438.0,41.1,7,9.3,20,4,168.6,128.1,121.59999999999998,0
149.5,1266.6,40.2,7,7.1,21,4,166.2,148.1,138.66666666666666,0
122.0,972.3,39.1,9,4.1,22,4,149.5,168.6,145.29999999999998,0
86.8,607.2,38.1,8,6.9,23,4,122.0,166.2,147.08333333333334,0
62.2,379.0,37.0,9,5.8,0,5,86.8,149.5,140.2,0
55.1,322.2,36.2,10,5.9,1,5,62.2,122.0,125.88333333333333,0
51.8,268.2,35.5,11,3.8,2,5,55.1,86.8,106.96666666666668,0
57.4,268.2,35.2,11,4.0,3,5,51.8,62.2,87.89999999999999,0
54.0,224.9,34.4,12,4.8,4,5,57.4,55.1,72.55,0
52.9,204.9,33.8,15,3.5,5,5,54.0,51.8,61.21666666666667,0
53.3,194.2,33.6,17,1.8,6,5,52.9,57.4,55.56666666666666,0
56.2,190.5,34.7,11,2.3,7,5,53.3,54.0,54.083333333333336,0
52.7,143.4,37.0,10,1.4,8,5,56.2,52.9,54.26666666666666,0
50.1,170.0,39.2,10,3.1,9,5,52.7,53.3,54.416666666666664,0
42.5,163.4,41.3,8,0.8,10,5,50.1,56.2,53.199999999999996,0
50.5,366.0,42.9,7,4.7,11,5,42.5,52.7,51.28333333333333,0
89.2,825.2,44.0,6,10.9,12,5,50.5,50.1,50.88333333333333,0
116.2,1110.1,44.6,6,10.7,13,5,89.2,42.5,56.86666666666667,0
134.1,1285.2,45.1,6,15.9,14,5,116.2,50.5,66.86666666666667,0
120.6,1177.2,44.4,6,15.4,15,5,134.1,89.2,80.43333333333334,0
120.1,1147.4,44.1,6,13.4,16,5,120.6,116.2,92.18333333333334,0
124.8,1184.6,43.6,7,13.9,17,5,120.1,134.1,105.11666666666667,0
135.0,1259.1,42.6,7,13.8,18,5,124.8,120.6,117.5,1
153.7,1344.8,41.7,8,10.7,19,5,135.0,120.1,125.13333333333333,0
139.2,1177.2,41.0,8,9.5,20,5,153.7,124.8,131.38333333333333,0
113.2,892.2,40.2,9,10.7,21,5,139.2,135.0,132.23333333333332,0
78.5,523.4,39.0,9,7.8,22,5,113.2,153.7,131.0,0
55.3,304.5,38.0,11,4.0,23,5,78.5,139.2,124.06666666666668,0
48.2,245.9,37.3,15,1.8,0,6,55.3,113.2,112.48333333333333,0
45.5,218.4,36.2,16,1.3,1,6,48.2,78.5,98.01666666666667,0
44.5,205.8,35.3,17,0.7,2,6,45.5,55.3,79.98333333333333,0
42.1,177.9,35.1,18,0.9,3,6,44.5,48.2,64.2,0
42.4,173.7,33.9,14,4.4,4,6,42.1,45.5,52.35,0
43.9,175.1,33.1,19,3.4,5,6,42.4,44.5,46.333333333333336,0
46.6,177.0,32.4,16,2.1,6,6,43.9,42.1,44.43333333333334,0
53.2,163.9,33.7,14,3.7,7,6,46.6,42.4,44.166666666666664,0
52.4,178.3,36.6,12,2.0,8,6,53.2,43.9,45.45000000000001,0
51.5,238.0,39.6,10,1.8,9,6,52.4,46.6,46.76666666666667,0
64.0,497.3,41.6,9,7.0,10,6,51.5,53.2,48.333333333333336,0
96.6,875.4,43.0,8,11.1,11,6,64.0,52.4,51.93333333333334,0
126.7,1180.9,44.1,7,12.6,12,6,96.6,51.5,60.71666666666666,1
154.1,1441.7,44.9,7,17.8,13,6,126.7,64.0,74.06666666666668,1
181.1,1668.9,45.1,6,18.0,14,6,154.1,96.6,90.88333333333333,1
223.5,2026.6,45.2,6,19.6,15,6,181.1,126.7,112.33333333333333,1
233.8,2101.1,44.8,6,18.9,16,6,223.5,154.1,141.0,1
232.8,2071.3,44.2,6,18.5,17,6,233.8,181.1,169.29999999999998,1
236.6,2056.4,43.5,6,17.6,18,6,232.8,223.5,192.0,1
210.9,1691.3,42.4,7,13.7,19,6,236.6,233.8,210.31666666666663,1
164.4,1244.2,41.5,7,9.4,20,6,210.9,232.8,219.78333333333333,0
112.0,659.4,40.5,8,7.8,21,6,164.4,236.6,217.0,0
87.8,440.5,39.3,9,6.5,22,6,112.0,210.9,198.41666666666666,0
78.2,366.9,38.4,10,6.6,23,6,87.8,164.4,174.08333333333334,0
74.0,332.5,37.2,11,4.7,0,0,78.2,112.0,148.31666666666666,0
70.1,302.7,36.2,12,5.2,1,0,74.0,87.8,121.21666666666665,0
62.4,250.5,35.1,13,5.8,2,0,70.1,78.2,97.75,0
64.7,250.5,34.9,13,5.9,3,0,62.4,74.0,80.75,0
74.5,401.4,33.8,14,6.8,4,0,64.7,70.1,72.86666666666666,0
92.4,612.8,33.3,14,6.8,5,0,74.5,62.4,70.64999999999999,0
108.3,780.4,33.4,14,6.8,6,0,92.4,64.7,73.01666666666667,0
116.4,868.0,34.9,13,5.0,7,0,108.3,74.5,78.73333333333333,0
110.6,787.9,37.2,11,4.9,8,0,116.4,92.4,86.44999999999999,0
113.4,914.6,39.1,11,7.2,9,0,110.6,108.3,94.48333333333333,0
135.5,1166.0,41.2,10,9.7,10,0,113.4,116.4,102.60000000000001,1
164.8,1464.0,42.9,9,12.5,11,0,135.5,110.6,112.76666666666667,1
186.3,1668.9,44.0,8,14.0,12,0,164.8,113.4,124.83333333333333,1
201.2,1795.6,44.6,7,15.0,13,0,186.3,135.5,137.83333333333334,1
210.9,1877.5,45.0,7,15.6,14,0,201.2,164.8,151.96666666666667,1
210.0,1907.3,45.3,6,16.8,15,0,210.9,186.3,168.68333333333334,1
217.0,1952.1,45.0,7,16.7,16,0,210.0,201.2,184.78333333333333,1
223.1,1981.9,44.5,7,16.9,17,0,217.0,210.9,198.36666666666667,1
250.5,2093.6,43.7,7,16.6,18,0,223.1,210.0,208.08333333333334,1
231.0,1844.0,42.7,8,14.5,19,0,250.5,217.0,218.7833333333333,1
211.4,1691.3,42.0,9,13.3,20,0,231.0,223.1,223.75,1
198.4,1587.0,41.0,9,12.7,21,0,211.4,250.5,223.83333333333334,1
206.3,1676.4,40.0,9,11.7,22,0,198.4,231.0,221.9,1
235.6,1903.6,38.9,10,10.2,23,0,206.3,211.4,220.11666666666667,1
252.4,1981.9,37.7,11,9.0,0,1,235.6,198.4,222.20000000000002,1
241.2,1855.2,36.4,13,7.6,1,1,252.4,206.3,222.51666666666668,1
214.7,1628.0,35.3,14,7.0,2,1,241.2,235.6,224.2166666666667,1
186.7,1307.6,35.2,15,6.8,3,1,214.7,252.4,224.76666666666665,1
159.3,1061.7,34.3,15,6.5,4,1,186.7,241.2,222.81666666666663,0
128.5,758.1,33.5,17,5.3,5,1,159.3,214.7,214.98333333333332,0
105.7,555.1,33.3,17,5.2,6,1,128.5,186.7,197.13333333333333,0
98.7,530.9,34.7,15,4.4,7,1,105.7,159.3,172.6833333333333,0
99.7,638.9,36.2,13,7.2,8,1,98.7,128.5,148.93333333333334,0
116.9,946.2,37.8,12,8.2,9,1,99.7,105.7,129.76666666666668,0
129.9,1162.3,39.6,10,7.6,10,1,116.9,98.7,118.13333333333334,0
135.5,1240.5,41.4,9,7.1,11,1,129.9,99.7,113.23333333333333,0
134.6,1236.8,42.9,9,7.3,12,1,135.5,116.9,114.40000000000002,0
130.9,1207.0,43.8,8,8.7,13,1,134.6,129.9,119.21666666666668,0
127.1,1177.2,44.2,8,10.3,14,1,130.9,135.5,124.58333333333333,0
100.8,979.8,44.2,8,10.1,15,1,127.1,134.6,129.15,0
104.5,1024.5,44.1,8,11.0,16,1,100.8,130.9,126.46666666666665,0
108.3,1061.7,43.8,8,12.6,17,1,104.5,127.1,122.23333333333333,0
113.2,1102.7,42.9,9,12.6,18,1,108.3,100.8,117.7,0
132.2,1184.6,42.1,9,9.4,19,1,113.2,104.5,114.13333333333333,0
110.1,851.2,41.3,10,7.4,20,1,132.2,108.3,114.34999999999998,0
91.7,638.9,40.7,10,6.7,21,1,110.1,113.2,111.51666666666665,0
73.6,459.1,39.4,11,7.2,22,1,91.7,132.2,110.0,0
53.2,260.8,38.3,11,6.4,23,1,73.6,110.1,104.85000000000001,0
42.7,177.0,37.4,13,4.1,0,2,53.2,91.7,95.66666666666664,0
38.2,145.8,36.7,17,1.8,1,2,42.7,73.6,83.91666666666667,0
37.5,132.2,35.9,18,0.2,2,2,38.2,53.2,68.25,0
42.7,150.4,36.1,19,1.0,3,2,37.5,42.7,56.15,0
43.1,146.7,35.1,19,2.1,4,2,42.7,38.2,47.98333333333333,0
43.3,143.0,34.4,19,1.8,5,2,43.1,37.5,42.900000000000006,0
44.6,140.6,33.7,18,1.3,6,2,43.3,42.7,41.25,0
49.6,122.0,34.9,15,2.8,7,2,44.6,43.1,41.56666666666667,0
48.4,201.6,37.4,12,3.1,8,2,49.6,43.3,43.46666666666667,0
44.7,269.2,39.3,11,3.9,9,2,48.4,44.6,45.28333333333333,0
40.2,268.2,41.1,9,3.3,10,2,44.7,49.6,45.616666666666674,0
39.6,251.5,42.6,9,6.5,11,2,40.2,48.4,45.13333333333333,0
52.5,363.2,43.6,8,10.4,12,2,39.6,44.7,44.51666666666667,0
71.5,549.5,44.2,8,11.5,13,2,52.5,40.2,45.833333333333336,0
90.3,735.7,44.7,8,10.1,14,2,71.5,39.6,49.48333333333333,0
135.0,1240.5,45.3,8,13.2,15,2,90.3,52.5,56.46666666666667,0
132.2,1225.6,45.0,8,14.3,16,2,135.0,71.5,71.51666666666667,0
132.2,1233.1,44.5,8,13.0,17,2,132.2,90.3,86.84999999999998,0
133.2,1240.5,44.0,8,10.7,18,2,132.2,135.0,102.28333333333335,0
140.6,1203.3,43.2,9,6.7,19,2,133.2,132.2,115.73333333333333,0
107.8,758.1,42.2,9,5.6,20,2,140.6,132.2,127.25,0
87.8,549.5,41.4,10,5.3,21,2,107.8,133.2,130.16666666666666,0
92.4,646.3,40.1,11,5.2,22,2,87.8,140.6,122.3,0
122.0,1009.6,39.2,10,7.6,23,2,92.4,107.8,115.66666666666667,0
139.2,1192.1,37.9,12,5.8,0,3,122.0,87.8,113.96666666666665,0
116.9,944.4,37.0,13,4.6,1,3,139.2,92.4,114.96666666666665,0
73.8,488.0,36.3,17,2.3,2,3,116.9,122.0,111.01666666666665,0
32.8,146.2,36.4,19,1.1,3,3,73.8,139.2,105.35000000000001,0
30.4,128.1,35.3,17,3.2,4,3,32.8,116.9,96.18333333333332,0
27.8,113.2,34.6,15,4.5,5,3,30.4,73.8,85.84999999999998,0
33.6,183.9,33.9,15,5.9,6,3,27.8,32.8,70.14999999999999,0
90.3,754.4,34.9,14,4.7,7,3,33.6,30.4,52.550000000000004,0
109.7,916.4,37.0,12,5.0,8,3,90.3,27.8,48.11666666666667,0
109.7,1024.5,39.2,9,6.7,9,3,109.7,33.6,54.099999999999994,0
99.7,961.1,40.9,8,6.4,10,3,109.7,90.3,66.91666666666667,0
90.1,871.7,42.4,7,5.9,11,3,99.7,109.7,78.46666666666667,0
86.8,841.9,43.6,7,5.4,12,3,90.1,109.7,88.85000000000001,0
89.2,869.9,44.4,7,6.0,13,3,86.8,99.7,97.71666666666665,0
94.1,920.1,44.8,7,8.5,14,3,89.2,90.1,97.53333333333335,0
95.0,929.5,44.7,7,9.7,15,3,94.1,86.8,94.93333333333334,0
101.7,994.7,44.3,7,10.2,16,3,95.0,89.2,92.48333333333333,0
108.0,1050.5,43.8,7,11.0,17,3,101.7,94.1,92.81666666666666,0
117.3,1132.5,43.1,7,11.8,18,3,108.0,95.0,95.8,0
140.6,1240.5,42.1,8,10.3,19,3,117.3,101.7,100.88333333333333,0
126.7,1002.1,41.2,9,9.5,20,3,140.6,108.0,109.44999999999999,0
128.5,1013.3,40.1,9,10.6,21,3,126.7,117.3,114.88333333333334,0
139.7,1147.4,38.6,10,7.9,22,3,128.5,140.6,120.46666666666665,0
141.6,1162.3,37.7,11,6.5,23,3,139.7,126.7,126.8,0
128.5,1020.7,36.8,12,5.2,0,4,141.6,128.5,132.4,0
115.0,888.5,35.8,12,5.1,1,4,128.5,139.7,134.26666666666668,0
106.2,815.8,34.9,12,6.9,2,4,115.0,141.6,130.0,0
127.1,990.9,34.8,13,6.2,3,4,106.2,128.5,126.58333333333331,0
116.6,899.7,33.7,12,7.6,4,4,127.1,115.0,126.35000000000001,0
108.3,832.6,32.8,12,6.5,5,4,116.6,106.2,122.5,0
100.8,763.7,32.7,13,4.9,6,4,108.3,127.1,116.94999999999999,0
100.6,745.1,33.9,11,2.7,7,4,100.8,116.6,112.33333333333333,0
93.6,683.6,35.8,11,3.3,8,4,100.6,108.3,109.93333333333332,0
107.3,849.4,37.9,11,4.3,9,4,93.6,100.8,107.83333333333333,0
113.2,957.4,39.9,10,6.0,10,4,107.3,100.6,104.53333333333335,0
102.9,895.9,41.2,9,6.7,11,4,113.2,93.6,103.96666666666665,0
98.3,858.7,42.2,9,7.5,12,4,102.9,107.3,103.06666666666666,0
99.4,875.4,42.8,8,8.5,13,4,98.3,113.2,102.64999999999999,0
102.4,912.7,43.0,8,8.7,14,4,99.4,102.9,102.45,0
124.8,1143.7,43.0,8,8.6,15,4,102.4,98.3,103.91666666666667,0
122.9,1128.8,43.1,8,10.0,16,4,124.8,99.4,106.83333333333336,0
129.5,1195.8,42.6,8,13.0,17,4,122.9,102.4,108.45,0
139.7,1292.7,41.8,8,13.1,18,4,129.5,124.8,112.88333333333334,1
170.9,1519.9,40.4,9,16.3,19,4,139.7,122.9,119.78333333333335,1
171.4,1478.9,40.0,9,13.1,20,4,170.9,129.5,131.70000000000002,1
170.4,1449.1,39.4,9,13.3,21,4,171.4,139.7,143.20000000000002,1
160.2,1326.2,37.9,10,7.4,22,4,170.4,170.9,150.79999999999998,0
143.4,1128.8,36.7,11,7.9,23,4,160.2,171.4,157.01666666666668,0
128.1,972.3,36.1,11,9.5,0,5,143.4,170.4,159.33333333333334,0
124.8,953.7,35.1,11,7.6,1,5,128.1,160.2,157.4,0
131.8,1043.1,34.2,12,7.0,2,5,124.8,143.4,149.71666666666667,0
114.1,828.9,33.9,13,7.6,3,5,131.8,128.1,143.11666666666667,0
98.3,683.6,33.2,14,7.9,4,5,114.1,124.8,133.73333333333332,0
79.2,502.9,32.3,15,6.7,5,5,98.3,131.8,123.41666666666667,0
71.9,451.7,32.0,16,5.1,6,5,79.2,114.1,112.71666666666665,0
81.7,532.7,33.3,15,3.4,7,5,71.9,98.3,103.34999999999998,0
84.1,596.0,35.4,13,4.3,8,5,81.7,79.2,96.16666666666667,0
107.8,825.2,37.7,12,5.5,9,5,84.1,71.9,88.21666666666665,0
114.3,899.7,39.8,10,7.0,10,5,107.8,81.7,87.16666666666667,0
91.0,722.7,41.2,9,5.9,11,5,114.3,84.1,89.83333333333333,0
84.3,668.7,42.1,9,7.3,12,5,91.0,107.8,91.8,0
90.8,761.8,42.7,8,9.2,13,5,84.3,114.3,93.86666666666667,0
105.2,927.6,42.8,8,10.3,14,5,90.8,91.0,95.38333333333333,0
119.7,1099.0,42.9,8,10.9,15,5,105.2,84.3,98.89999999999999,0
125.7,1158.6,42.5,8,10.7,16,5,119.7,90.8,100.88333333333334,0
128.5,1188.4,42.0,8,11.5,17,5,125.7,105.2,102.78333333333335,0
136.9,1262.9,41.1,9,13.4,18,5,128.5,119.7,109.03333333333335,1
165.3,1445.4,40.1,9,11.3,19,5,136.9,125.7,117.80000000000001,1
154.1,1266.6,39.3,10,6.6,20,5,165.3,128.5,130.21666666666667,0
143.4,1128.8,39.2,10,8.0,21,5,154.1,136.9,138.36666666666665,0
132.7,1020.7,38.0,10,9.4,22,5,143.4,165.3,142.3166666666667,0
126.7,964.9,36.7,12,6.0,23,5,132.7,154.1,143.48333333333332,0
128.1,990.9,35.7,12,7.9,0,6,126.7,143.4,143.18333333333334,0
137.4,1091.5,34.6,13,7.6,1,6,128.1,132.7,141.71666666666667,1
154.6,1259.1,33.8,13,8.5,2,6,137.4,126.7,137.0666666666667,1
203.0,1665.2,33.6,13,8.4,3,6,154.6,128.1,137.15,1
197.4,1616.8,32.7,12,8.9,4,6,203.0,137.4,147.08333333333334,1
193.7,1605.6,31.9,13,8.7,5,6,197.4,154.6,157.86666666666667,1
179.7,1478.9,31.9,13,8.3,6,6,193.7,203.0,169.03333333333333,1
162.5,1285.2,33.0,12,6.1,7,6,179.7,197.4,177.63333333333333,0
126.7,1020.7,34.9,11,7.6,8,6,162.5,193.7,181.81666666666663,0
126.2,1132.5,37.1,9,7.3,9,6,126.7,179.7,177.16666666666666,0
131.8,1244.2,39.2,8,8.1,10,6,126.2,162.5,164.36666666666667,0
116.2,1099.0,40.7,7,8.6,11,6,131.8,126.7,153.4333333333333,0
112.2,1072.9,41.6,7,9.0,12,6,116.2,126.2,140.51666666666668,0
128.5,1229.3,42.3,7,11.1,13,6,112.2,131.8,129.26666666666668,1
153.2,1478.9,42.6,7,13.8,14,6,128.5,116.2,123.60000000000001,1
164.4,1616.8,42.5,7,15.7,15,6,153.2,112.2,128.01666666666668,1
182.1,1765.8,41.8,7,16.6,16,6,164.4,128.5,134.38333333333333,1
197.4,1881.3,41.2,7,15.2,17,6,182.1,153.2,142.76666666666668,1
215.1,2011.7,40.4,8,15.6,18,6,197.4,164.4,156.29999999999998,1
240.3,2048.9,39.5,8,13.5,19,6,215.1,182.1,173.45000000000002,1
240.3,2026.6,38.6,8,14.9,20,6,240.3,197.4,192.08333333333334,1
237.5,2011.7,38.1,7,14.5,21,6,240.3,215.1,206.60000000000002,1
234.7,1989.3,37.0,8,11.9,22,6,237.5,240.3,218.78333333333333,1
228.2,1937.2,35.7,9,9.6,23,6,234.7,240.3,227.54999999999998,1
222.1,1873.8,34.5,10,8.8,0,0,228.2,237.5,232.6833333333333,1
217.9,1832.8,33.5,11,8.0,1,0,222.1,234.7,233.85,1
217.9,1836.6,32.7,11,8.5,2,0,217.9,228.2,230.11666666666667,1
194.2,1661.5,32.5,12,8.1,3,0,217.9,222.1,226.38333333333333,1
206.8,1777.0,31.6,13,8.7,4,0,194.2,217.9,219.16666666666666,1
215.1,1836.6,31.0,14,9.1,5,0,206.8,217.9,214.51666666666668,1
213.7,1799.3,31.0,15,7.6,6,0,215.1,194.2,212.33333333333334,1
206.8,1695.0,31.8,14,6.1,7,0,213.7,206.8,210.93333333333337,1
172.8,1471.5,33.6,14,7.6,8,0,206.8,215.1,209.08333333333334,1
183.5,1631.7,35.5,14,10.1,9,0,172.8,213.7,201.56666666666663,1
194.2,1788.1,37.2,13,11.3,10,0,183.5,206.8,199.78333333333333,1
211.9,1952.1,38.6,11,11.9,11,0,194.2,172.8,197.68333333333337,1
226.8,2078.7,39.4,10,13.0,12,0,211.9,183.5,197.15,1
239.3,2175.6,40.1,8,15.0,13,0,226.8,194.2,199.33333333333334,1
245.9,2227.7,40.1,10,16.0,14,0,239.3,211.9,204.75,1
255.2,2317.1,40.3,10,16.5,15,0,245.9,226.8,216.93333333333337,1
254.3,2302.2,40.0,10,16.0,16,0,255.2,239.3,228.88333333333335,1
265.4,2376.7,39.7,10,16.5,17,0,254.3,245.9,238.9,1
284.1,2488.5,39.0,10,16.7,18,0,265.4,255.2,247.8166666666667,1
296.2,2399.1,38.2,10,14.4,19,0,284.1,254.3,257.3666666666667,1
275.7,2212.8,37.4,10,12.8,20,0,296.2,265.4,266.85,1
256.1,2078.7,37.1,11,12.1,21,0,275.7,284.1,271.81666666666666,1
235.2,1944.6,36.1,11,9.6,22,0,256.1,296.2,271.96666666666664,1
217.0,1806.8,35.1,12,8.6,23,0,235.2,275.7,268.78333333333336,0
